,Deadline,ET on A,ET on B,ET on C,Input Size,Output Size,Source,Destination
R1_VIT1,400,112.3,40.7,49.2,1230,1230,0,0
R1_VIT2,400,112.3,40.7,49.2,1230,1230,0,0
R1_LLM1,600,4688.8,489.8,590.0,1230,2,0,0
R1_LLM2,600,4688.8,489.8,590.0,1230,2,0,0
R2_VIT1,400,112.3,40.7,49.2,1230,1230,1,0
R2_VIT2,400,112.3,40.7,49.2,1230,1230,1,0
R2_LLM1,600,4688.8,489.8,590.0,1230,2,1,0
R2_LLM2,600,4688.8,489.8,590.0,1230,2,1,0
R3_VIT1,400,112.3,40.7,49.2,1230,1230,2,0
R3_VIT2,400,112.3,40.7,49.2,1230,1230,2,0
R3_LLM1,600,4688.8,489.8,590.0,1230,2,2,0
R3_LLM2,600,4688.8,489.8,590.0,1230,2,2,0
R4_VIT1,400,112.3,40.7,49.2,1230,1230,3,0
R4_VIT2,400,112.3,40.7,49.2,1230,1230,3,0
R4_LLM1,600,4688.8,489.8,590.0,1230,2,3,0
R4_LLM2,600,4688.8,489.8,590.0,1230,2,3,0
R5_VIT1,400,112.3,40.7,49.2,1230,1230,4,0
R5_VIT2,400,112.3,40.7,49.2,1230,1230,4,0
R5_LLM1,600,4688.8,489.8,590.0,1230,2,4,0
R5_LLM2,600,4688.8,489.8,590.0,1230,2,4,0
R6_VIT1,400,112.3,40.7,49.2,1230,1230,5,0
R6_VIT2,400,112.3,40.7,49.2,1230,1230,5,0
R6_LLM1,600,4688.8,489.8,590.0,1230,2,5,0
R6_LLM2,600,4688.8,489.8,590.0,1230,2,5,0
R7_VIT1,400,112.3,40.7,49.2,1230,1230,6,0
R7_VIT2,400,112.3,40.7,49.2,1230,1230,6,0
R7_LLM1,600,4688.8,489.8,590.0,1230,2,6,0
R7_LLM2,600,4688.8,489.8,590.0,1230,2,6,0
R8_VIT1,400,112.3,40.7,49.2,1230,1230,7,0
R8_VIT2,400,112.3,40.7,49.2,1230,1230,7,0
R8_LLM1,600,4688.8,489.8,590.0,1230,2,7,0
R8_LLM2,600,4688.8,489.8,590.0,1230,2,7,0
R9_VIT1,400,112.3,40.7,49.2,1230,1230,8,0
R9_VIT2,400,112.3,40.7,49.2,1230,1230,8,0
R9_LLM1,600,4688.8,489.8,590.0,1230,2,8,0
R9_LLM2,600,4688.8,489.8,590.0,1230,2,8,0
R10_VIT1,400,112.3,40.7,49.2,1230,1230,9,0
R10_VIT2,400,112.3,40.7,49.2,1230,1230,9,0
R10_LLM1,600,4688.8,489.8,590.0,1230,2,9,0
R10_LLM2,600,4688.8,489.8,590.0,1230,2,9,0
R11_VIT1,400,112.3,40.7,49.2,1230,1230,10,0
R11_VIT2,400,112.3,40.7,49.2,1230,1230,10,0
R11_LLM1,600,4688.8,489.8,590.0,1230,2,10,0
R11_LLM2,600,4688.8,489.8,590.0,1230,2,10,0
R12_VIT1,400,112.3,40.7,49.2,1230,1230,11,0
R12_VIT2,400,112.3,40.7,49.2,1230,1230,11,0
R12_LLM1,600,4688.8,489.8,590.0,1230,2,11,0
R12_LLM2,600,4688.8,489.8,590.0,1230,2,11,0
R13_VIT1,400,112.3,40.7,49.2,1230,1230,12,0
R13_VIT2,400,112.3,40.7,49.2,1230,1230,12,0
R13_LLM1,600,4688.8,489.8,590.0,1230,2,12,0
R13_LLM2,600,4688.8,489.8,590.0,1230,2,12,0
R14_VIT1,400,112.3,40.7,49.2,1230,1230,13,0
R14_VIT2,400,112.3,40.7,49.2,1230,1230,13,0
R14_LLM1,600,4688.8,489.8,590.0,1230,2,13,0
R14_LLM2,600,4688.8,489.8,590.0,1230,2,13,0
R15_VIT1,400,112.3,40.7,49.2,1230,1230,14,0
R15_VIT2,400,112.3,40.7,49.2,1230,1230,14,0
R15_LLM1,600,4688.8,489.8,590.0,1230,2,14,0
R15_LLM2,600,4688.8,489.8,590.0,1230,2,14,0
R16_VIT1,400,112.3,40.7,49.2,1230,1230,15,0
R16_VIT2,400,112.3,40.7,49.2,1230,1230,15,0
R16_LLM1,600,4688.8,489.8,590.0,1230,2,15,0
R16_LLM2,600,4688.8,489.8,590.0,1230,2,15,0
R17_VIT1,400,112.3,40.7,49.2,1230,1230,16,0
R17_VIT2,400,112.3,40.7,49.2,1230,1230,16,0
R17_LLM1,600,4688.8,489.8,590.0,1230,2,16,0
R17_LLM2,600,4688.8,489.8,590.0,1230,2,16,0
R18_VIT1,400,112.3,40.7,49.2,1230,1230,17,0
R18_VIT2,400,112.3,40.7,49.2,1230,1230,17,0
R18_LLM1,600,4688.8,489.8,590.0,1230,2,17,0
R18_LLM2,600,4688.8,489.8,590.0,1230,2,17,0
R19_VIT1,400,112.3,40.7,49.2,1230,1230,18,0
R19_VIT2,400,112.3,40.7,49.2,1230,1230,18,0
R19_LLM1,600,4688.8,489.8,590.0,1230,2,18,0
R19_LLM2,600,4688.8,489.8,590.0,1230,2,18,0
R20_VIT1,400,112.3,40.7,49.2,1230,1230,19,0
R20_VIT2,400,112.3,40.7,49.2,1230,1230,19,0
R20_LLM1,600,4688.8,489.8,590.0,1230,2,19,0
R20_LLM2,600,4688.8,489.8,590.0,1230,2,19,0
R21_VIT1,400,112.3,40.7,49.2,1230,1230,20,0
R21_VIT2,400,112.3,40.7,49.2,1230,1230,20,0
R21_LLM1,600,4688.8,489.8,590.0,1230,2,20,0
R21_LLM2,600,4688.8,489.8,590.0,1230,2,20,0
R22_VIT1,400,112.3,40.7,49.2,1230,1230,21,0
R22_VIT2,400,112.3,40.7,49.2,1230,1230,21,0
R22_LLM1,600,4688.8,489.8,590.0,1230,2,21,0
R22_LLM2,600,4688.8,489.8,590.0,1230,2,21,0
R23_VIT1,400,112.3,40.7,49.2,1230,1230,22,0
R23_VIT2,400,112.3,40.7,49.2,1230,1230,22,0
R23_LLM1,600,4688.8,489.8,590.0,1230,2,22,0
R23_LLM2,600,4688.8,489.8,590.0,1230,2,22,0
R24_VIT1,400,112.3,40.7,49.2,1230,1230,23,0
R24_VIT2,400,112.3,40.7,49.2,1230,1230,23,0
R24_LLM1,600,4688.8,489.8,590.0,1230,2,23,0
R24_LLM2,600,4688.8,489.8,590.0,1230,2,23,0
R25_VIT1,400,112.3,40.7,49.2,1230,1230,24,0
R25_VIT2,400,112.3,40.7,49.2,1230,1230,24,0
R25_LLM1,600,4688.8,489.8,590.0,1230,2,24,0
R25_LLM2,600,4688.8,489.8,590.0,1230,2,24,0
R26_VIT1,400,112.3,40.7,49.2,1230,1230,25,0
R26_VIT2,400,112.3,40.7,49.2,1230,1230,25,0
R26_LLM1,600,4688.8,489.8,590.0,1230,2,25,0
R26_LLM2,600,4688.8,489.8,590.0,1230,2,25,0
R27_VIT1,400,112.3,40.7,49.2,1230,1230,26,0
R27_VIT2,400,112.3,40.7,49.2,1230,1230,26,0
R27_LLM1,600,4688.8,489.8,590.0,1230,2,26,0
R27_LLM2,600,4688.8,489.8,590.0,1230,2,26,0
R28_VIT1,400,112.3,40.7,49.2,1230,1230,27,0
R28_VIT2,400,112.3,40.7,49.2,1230,1230,27,0
R28_LLM1,600,4688.8,489.8,590.0,1230,2,27,0
R28_LLM2,600,4688.8,489.8,590.0,1230,2,27,0
R29_VIT1,400,112.3,40.7,49.2,1230,1230,28,0
R29_VIT2,400,112.3,40.7,49.2,1230,1230,28,0
R29_LLM1,600,4688.8,489.8,590.0,1230,2,28,0
R29_LLM2,600,4688.8,489.8,590.0,1230,2,28,0
R30_VIT1,400,112.3,40.7,49.2,1230,1230,29,0
R30_VIT2,400,112.3,40.7,49.2,1230,1230,29,0
R30_LLM1,600,4688.8,489.8,590.0,1230,2,29,0
R30_LLM2,600,4688.8,489.8,590.0,1230,2,29,0
R31_VIT1,400,112.3,40.7,49.2,1230,1230,30,0
R31_VIT2,400,112.3,40.7,49.2,1230,1230,30,0
R31_LLM1,600,4688.8,489.8,590.0,1230,2,30,0
R31_LLM2,600,4688.8,489.8,590.0,1230,2,30,0
R32_VIT1,400,112.3,40.7,49.2,1230,1230,31,0
R32_VIT2,400,112.3,40.7,49.2,1230,1230,31,0
R32_LLM1,600,4688.8,489.8,590.0,1230,2,31,0
R32_LLM2,600,4688.8,489.8,590.0,1230,2,31,0
R33_VIT1,400,112.3,40.7,49.2,1230,1230,32,0
R33_VIT2,400,112.3,40.7,49.2,1230,1230,32,0
R33_LLM1,600,4688.8,489.8,590.0,1230,2,32,0
R33_LLM2,600,4688.8,489.8,590.0,1230,2,32,0
R34_VIT1,400,112.3,40.7,49.2,1230,1230,33,0
R34_VIT2,400,112.3,40.7,49.2,1230,1230,33,0
R34_LLM1,600,4688.8,489.8,590.0,1230,2,33,0
R34_LLM2,600,4688.8,489.8,590.0,1230,2,33,0
R35_VIT1,400,112.3,40.7,49.2,1230,1230,34,0
R35_VIT2,400,112.3,40.7,49.2,1230,1230,34,0
R35_LLM1,600,4688.8,489.8,590.0,1230,2,34,0
R35_LLM2,600,4688.8,489.8,590.0,1230,2,34,0
R36_VIT1,400,112.3,40.7,49.2,1230,1230,35,0
R36_VIT2,400,112.3,40.7,49.2,1230,1230,35,0
R36_LLM1,600,4688.8,489.8,590.0,1230,2,35,0
R36_LLM2,600,4688.8,489.8,590.0,1230,2,35,0
R37_VIT1,400,112.3,40.7,49.2,1230,1230,36,0
R37_VIT2,400,112.3,40.7,49.2,1230,1230,36,0
R37_LLM1,600,4688.8,489.8,590.0,1230,2,36,0
R37_LLM2,600,4688.8,489.8,590.0,1230,2,36,0
R38_VIT1,400,112.3,40.7,49.2,1230,1230,37,0
R38_VIT2,400,112.3,40.7,49.2,1230,1230,37,0
R38_LLM1,600,4688.8,489.8,590.0,1230,2,37,0
R38_LLM2,600,4688.8,489.8,590.0,1230,2,37,0
R39_VIT1,400,112.3,40.7,49.2,1230,1230,38,0
R39_VIT2,400,112.3,40.7,49.2,1230,1230,38,0
R39_LLM1,600,4688.8,489.8,590.0,1230,2,38,0
R39_LLM2,600,4688.8,489.8,590.0,1230,2,38,0
R40_VIT1,400,112.3,40.7,49.2,1230,1230,39,0
R40_VIT2,400,112.3,40.7,49.2,1230,1230,39,0
R40_LLM1,600,4688.8,489.8,590.0,1230,2,39,0
R40_LLM2,600,4688.8,489.8,590.0,1230,2,39,0
R41_VIT1,400,112.3,40.7,49.2,1230,1230,40,0
R41_VIT2,400,112.3,40.7,49.2,1230,1230,40,0
R41_LLM1,600,4688.8,489.8,590.0,1230,2,40,0
R41_LLM2,600,4688.8,489.8,590.0,1230,2,40,0
R42_VIT1,400,112.3,40.7,49.2,1230,1230,41,0
R42_VIT2,400,112.3,40.7,49.2,1230,1230,41,0
R42_LLM1,600,4688.8,489.8,590.0,1230,2,41,0
R42_LLM2,600,4688.8,489.8,590.0,1230,2,41,0
R43_VIT1,400,112.3,40.7,49.2,1230,1230,42,0
R43_VIT2,400,112.3,40.7,49.2,1230,1230,42,0
R43_LLM1,600,4688.8,489.8,590.0,1230,2,42,0
R43_LLM2,600,4688.8,489.8,590.0,1230,2,42,0
R44_VIT1,400,112.3,40.7,49.2,1230,1230,43,0
R44_VIT2,400,112.3,40.7,49.2,1230,1230,43,0
R44_LLM1,600,4688.8,489.8,590.0,1230,2,43,0
R44_LLM2,600,4688.8,489.8,590.0,1230,2,43,0
R45_VIT1,400,112.3,40.7,49.2,1230,1230,44,0
R45_VIT2,400,112.3,40.7,49.2,1230,1230,44,0
R45_LLM1,600,4688.8,489.8,590.0,1230,2,44,0
R45_LLM2,600,4688.8,489.8,590.0,1230,2,44,0
R46_VIT1,400,112.3,40.7,49.2,1230,1230,45,0
R46_VIT2,400,112.3,40.7,49.2,1230,1230,45,0
R46_LLM1,600,4688.8,489.8,590.0,1230,2,45,0
R46_LLM2,600,4688.8,489.8,590.0,1230,2,45,0
R47_VIT1,400,112.3,40.7,49.2,1230,1230,46,0
R47_VIT2,400,112.3,40.7,49.2,1230,1230,46,0
R47_LLM1,600,4688.8,489.8,590.0,1230,2,46,0
R47_LLM2,600,4688.8,489.8,590.0,1230,2,46,0
R48_VIT1,400,112.3,40.7,49.2,1230,1230,47,0
R48_VIT2,400,112.3,40.7,49.2,1230,1230,47,0
R48_LLM1,600,4688.8,489.8,590.0,1230,2,47,0
R48_LLM2,600,4688.8,489.8,590.0,1230,2,47,0
R49_VIT1,400,112.3,40.7,49.2,1230,1230,48,0
R49_VIT2,400,112.3,40.7,49.2,1230,1230,48,0
R49_LLM1,600,4688.8,489.8,590.0,1230,2,48,0
R49_LLM2,600,4688.8,489.8,590.0,1230,2,48,0
R50_VIT1,400,112.3,40.7,49.2,1230,1230,49,0
R50_VIT2,400,112.3,40.7,49.2,1230,1230,49,0
R50_LLM1,600,4688.8,489.8,590.0,1230,2,49,0
R50_LLM2,600,4688.8,489.8,590.0,1230,2,49,0
R51_VIT1,400,112.3,40.7,49.2,1230,1230,50,0
R51_VIT2,400,112.3,40.7,49.2,1230,1230,50,0
R51_LLM1,600,4688.8,489.8,590.0,1230,2,50,0
R51_LLM2,600,4688.8,489.8,590.0,1230,2,50,0
R52_VIT1,400,112.3,40.7,49.2,1230,1230,51,0
R52_VIT2,400,112.3,40.7,49.2,1230,1230,51,0
R52_LLM1,600,4688.8,489.8,590.0,1230,2,51,0
R52_LLM2,600,4688.8,489.8,590.0,1230,2,51,0
R53_VIT1,400,112.3,40.7,49.2,1230,1230,52,0
R53_VIT2,400,112.3,40.7,49.2,1230,1230,52,0
R53_LLM1,600,4688.8,489.8,590.0,1230,2,52,0
R53_LLM2,600,4688.8,489.8,590.0,1230,2,52,0
R54_VIT1,400,112.3,40.7,49.2,1230,1230,136,0
R54_VIT2,400,112.3,40.7,49.2,1230,1230,136,0
R54_LLM1,600,4688.8,489.8,590.0,1230,2,136,0
R54_LLM2,600,4688.8,489.8,590.0,1230,2,136,0
R55_VIT1,400,112.3,40.7,49.2,1230,1230,54,0
R55_VIT2,400,112.3,40.7,49.2,1230,1230,54,0
R55_LLM1,600,4688.8,489.8,590.0,1230,2,54,0
R55_LLM2,600,4688.8,489.8,590.0,1230,2,54,0
R56_VIT1,400,112.3,40.7,49.2,1230,1230,55,0
R56_VIT2,400,112.3,40.7,49.2,1230,1230,55,0
R56_LLM1,600,4688.8,489.8,590.0,1230,2,55,0
R56_LLM2,600,4688.8,489.8,590.0,1230,2,55,0
R57_VIT1,400,112.3,40.7,49.2,1230,1230,56,0
R57_VIT2,400,112.3,40.7,49.2,1230,1230,56,0
R57_LLM1,600,4688.8,489.8,590.0,1230,2,56,0
R57_LLM2,600,4688.8,489.8,590.0,1230,2,56,0
R58_VIT1,400,112.3,40.7,49.2,1230,1230,57,0
R58_VIT2,400,112.3,40.7,49.2,1230,1230,57,0
R58_LLM1,600,4688.8,489.8,590.0,1230,2,57,0
R58_LLM2,600,4688.8,489.8,590.0,1230,2,57,0
R59_VIT1,400,112.3,40.7,49.2,1230,1230,58,0
R59_VIT2,400,112.3,40.7,49.2,1230,1230,58,0
R59_LLM1,600,4688.8,489.8,590.0,1230,2,58,0
R59_LLM2,600,4688.8,489.8,590.0,1230,2,58,0
R60_VIT1,400,112.3,40.7,49.2,1230,1230,59,0
R60_VIT2,400,112.3,40.7,49.2,1230,1230,59,0
R60_LLM1,600,4688.8,489.8,590.0,1230,2,59,0
R60_LLM2,600,4688.8,489.8,590.0,1230,2,59,0
R61_VIT1,400,112.3,40.7,49.2,1230,1230,60,0
R61_VIT2,400,112.3,40.7,49.2,1230,1230,60,0
R61_LLM1,600,4688.8,489.8,590.0,1230,2,60,0
R61_LLM2,600,4688.8,489.8,590.0,1230,2,60,0
R62_VIT1,400,112.3,40.7,49.2,1230,1230,61,0
R62_VIT2,400,112.3,40.7,49.2,1230,1230,61,0
R62_LLM1,600,4688.8,489.8,590.0,1230,2,61,0
R62_LLM2,600,4688.8,489.8,590.0,1230,2,61,0
R63_VIT1,400,112.3,40.7,49.2,1230,1230,62,0
R63_VIT2,400,112.3,40.7,49.2,1230,1230,62,0
R63_LLM1,600,4688.8,489.8,590.0,1230,2,62,0
R63_LLM2,600,4688.8,489.8,590.0,1230,2,62,0
R64_VIT1,400,112.3,40.7,49.2,1230,1230,63,0
R64_VIT2,400,112.3,40.7,49.2,1230,1230,63,0
R64_LLM1,600,4688.8,489.8,590.0,1230,2,63,0
R64_LLM2,600,4688.8,489.8,590.0,1230,2,63,0
